{"loss": [0.008940371684730053, 0.0038566216826438904, 0.003550772089511156, 0.0027774956542998552, 0.002787935547530651, 0.0027374564670026302, 0.002429012442007661, 0.0019820225425064564, 0.0020872808527201414, 0.0019120798679068685, 0.0018886520992964506, 0.0016429420793429017, 0.001751915318891406, 0.0015564366476610303, 0.0019747810438275337, 0.0019525656243786216, 0.001830517896451056, 0.0017492321785539389, 0.0018423463916406035, 0.0016475544543936849, 0.0018632535357028246, 0.0017228879733011127, 0.0016910693375393748, 0.001660896115936339], "val_loss": [0.0018336810171604156, 0.010005760937929153, 0.0004076928598806262, 0.0016248732572421432, 0.00266234390437603, 0.0005712568527087569, 0.0007490564603358507, 0.003309219144284725, 0.0003782642597798258, 0.0008052805787883699, 0.00190242740791291, 0.001298022922128439, 0.0013394355773925781, 0.0008529086480848491, 0.0006088369991630316, 0.000590462819673121, 0.0009139320463873446, 0.0005362193332985044, 0.0005215019918978214, 0.0005439869128167629, 0.0006433547823689878, 0.0006677423371002078, 0.00074659229721874, 0.0007369342492893338], "learning_rate": [0.0010000000474974513, 0.0010000000474974513, 0.0010000000474974513, 0.0010000000474974513, 0.0010000000474974513, 0.0010000000474974513, 0.0010000000474974513, 0.0010000000474974513, 0.00020000000949949026, 0.00020000000949949026, 0.00020000000949949026, 0.00020000000949949026, 0.00020000000949949026, 4.0000002627493814e-05, 4.0000002627493814e-05, 4.0000002627493814e-05, 4.0000002627493814e-05, 4.0000002627493814e-05, 8.000000889296643e-06, 8.000000889296643e-06, 8.000000889296643e-06, 8.000000889296643e-06, 8.000000889296643e-06, 1.6000001323845936e-06]}