{"loss": [0.007931138388812542, 0.004642410669475794, 0.003419277723878622, 0.0029860835056751966, 0.00271472055464983, 0.0023108983878046274, 0.002168278908357024, 0.002357457997277379, 0.0018745159031823277, 0.0020004212856292725, 0.0017661169404163957, 0.0018884777091443539, 0.0017445625271648169, 0.0017223046161234379, 0.0014496248913928866, 0.0015429176855832338, 0.0015809274045750499, 0.0015856168465688825, 0.0017137411050498486, 0.0016669569304212928, 0.0015865449095144868, 0.0014565635938197374, 0.0014158857520669699, 0.0014619868015870452, 0.0015341812977567315, 0.0014472902985289693, 0.001650208025239408, 0.001489135785959661, 0.0014270322863012552, 0.001558261807076633, 0.001329288468696177, 0.0015038979472592473, 0.0014050130266696215, 0.0014089999021962285, 0.001457904581911862, 0.0014419599901884794], "val_loss": [0.0066729444079101086, 0.007979240268468857, 0.0013612372567877173, 0.0051909396424889565, 0.004047892987728119, 0.0020942725241184235, 0.005158994812518358, 0.0010193376801908016, 0.0025767541956156492, 0.0017052405746653676, 0.00231607211753726, 0.0022704696748405695, 0.0010300750145688653, 0.0022596463095396757, 0.0016059286426752806, 0.0008319116896018386, 0.0016033892752602696, 0.0021506277844309807, 0.0012841345742344856, 0.0008787849801592529, 0.000719528179615736, 0.0012977088335901499, 0.0009212529985234141, 0.0011280226754024625, 0.0008933926583267748, 0.0008975903620012105, 0.0013191814068704844, 0.0010215805377811193, 0.001529916888102889, 0.0008955415105447173, 0.0011680445168167353, 0.0010552614694461226, 0.0009411118226125836, 0.0010621055262163281, 0.0009774306090548635, 0.0009082930046133697], "learning_rate": [0.0010000000474974513, 0.0010000000474974513, 0.0010000000474974513, 0.0010000000474974513, 0.0010000000474974513, 0.0010000000474974513, 0.0010000000474974513, 0.0010000000474974513, 0.0010000000474974513, 0.0010000000474974513, 0.0010000000474974513, 0.0010000000474974513, 0.0010000000474974513, 0.00020000000949949026, 0.00020000000949949026, 0.00020000000949949026, 0.00020000000949949026, 0.00020000000949949026, 0.00020000000949949026, 0.00020000000949949026, 0.00020000000949949026, 0.00020000000949949026, 0.00020000000949949026, 0.00020000000949949026, 0.00020000000949949026, 0.00020000000949949026, 4.0000002627493814e-05, 4.0000002627493814e-05, 4.0000002627493814e-05, 4.0000002627493814e-05, 4.0000002627493814e-05, 8.000000889296643e-06, 8.000000889296643e-06, 8.000000889296643e-06, 8.000000889296643e-06, 8.000000889296643e-06]}