{"loss": [0.0028872427064925432, 0.00036689976695925, 0.00034393678652122617, 0.00034767540637403727, 0.0002892738557420671, 0.00028148191631771624, 0.00029988199821673334, 0.00034523860085755587, 0.0002659134042914957, 0.0002186538913520053, 0.0002446378057356924, 0.00022887715022079647, 0.00021710457804147154, 0.00021953113900963217, 0.0001925494143506512, 0.0002582459128461778, 0.0002414005430182442, 0.00020633611711673439, 0.00023484167468268424, 0.00019427934603299946, 0.00018494302639737725, 0.00022302244906313717, 0.00020684678747784346, 0.0001811447145882994, 0.00021270768775139004, 0.00021898864360991865, 0.00020827323896810412, 0.0001978849177248776, 0.00017341546481475234, 0.00019492264254949987], "val_loss": [0.0013968131970614195, 0.001187774701975286, 0.0008466164581477642, 0.0009215388563461602, 0.000998876872472465, 0.0008152035297825933, 0.0011223983019590378, 0.0013586027780547738, 0.0007907506660558283, 0.0008135015377774835, 0.0006896954728290439, 0.0005766411195509136, 0.0007352387765422463, 0.0006377752870321274, 0.0024236682802438736, 0.0007481880020350218, 0.0005206712521612644, 0.0005088848411105573, 0.0005268902168609202, 0.0005660041933879256, 0.0005705521325580776, 0.0007239980041049421, 0.000604341272264719, 0.0006382495630532503, 0.0011168831260874867, 0.00045917139505036175, 0.0006637432961724699, 0.0005884416750632226, 0.0004865427908953279, 0.0004575372440740466]}