{
    "lstm": {
        "mae": 8215.33964296145,
        "rmse": 9505.921628687634,
        "r2": 0.6904759686068094
    },
    "gru": {
        "mae": 2490.039391063084,
        "rmse": 3128.708015694939,
        "r2": 0.9664698123460679
    }
}