{"loss": [0.03487081453204155, 0.005754357203841209, 0.004564423579722643, 0.004182741511613131, 0.0037252388428896666, 0.003825125517323613, 0.0031532086431980133, 0.0034988902043551207, 0.0032363985665142536, 0.003052500542253256, 0.0029857673216611147, 0.002953976858407259, 0.00275858910754323, 0.002602121327072382, 0.0025830611120909452, 0.0023244593758136034, 0.002612199867144227, 0.0023715326096862555, 0.0025956376921385527, 0.002259591594338417, 0.0026560695841908455, 0.0023585939779877663, 0.0021687226835638285, 0.0019719786942005157, 0.0020326487720012665, 0.002182576572522521, 0.002024147193878889, 0.0020194542594254017, 0.00217412575148046, 0.002063893247395754, 0.0019669390749186277, 0.0017561103450134397, 0.0020234985277056694, 0.0017862234963104129, 0.0022385278716683388, 0.0017978276591748, 0.001923803356476128, 0.001847111969254911, 0.001885628211311996, 0.002173718996345997, 0.0019559438806027174, 0.0019063232466578484], "val_loss": [0.0018464581808075309, 0.001199159654788673, 0.003292561275884509, 0.005550565663725138, 0.0013771882513538003, 0.0036710251588374376, 0.0006956839933991432, 0.0009914484107866883, 0.0007650022744201124, 0.0006331278127618134, 0.0005410140729509294, 0.0010548202553763986, 0.0014241501921787858, 0.0006278734072111547, 0.0007588858134113252, 0.0005120899877510965, 0.0004851378034800291, 0.0005635294946841896, 0.0035067524295300245, 0.0006737694493494928, 0.0010717930272221565, 0.0012073873076587915, 0.0015939812874421477, 0.0006749892490915954, 0.0023917886428534985, 0.0011359439231455326, 0.0009005345636978745, 0.0016616648063063622, 0.0021643275395035744, 0.000724831479601562, 0.0005015494534745812, 0.002142377197742462, 0.0013085572281852365, 0.0005928486934863031, 0.000795165600720793, 0.002129489090293646, 0.0007648580940440297, 0.0017752499552443624, 0.0006493005785159767, 0.0009479198488406837, 0.0007439847104251385, 0.0005636885180138052], "epochs": 42, "early_stop_epoch": 17}