{"loss": [0.015987157821655273, 0.0007536484627053142, 0.0006054510595276952, 0.0005050667095929384, 0.0003986834781244397, 0.000381714926334098, 0.0003248471475671977, 0.0002728170366026461, 0.00026311312103644013, 0.00027466294704936445, 0.00023685340420342982, 0.0002235652063973248, 0.00022749949130229652, 0.000215003194171004, 0.00022175975027494133, 0.00020066947035957128, 0.0001889211416710168, 0.00018639267364051193, 0.0001873842702480033, 0.00018414907390251756, 0.00018691005243454129, 0.0002045122964773327, 0.00019872405391652137, 0.00019102488295175135, 0.00019712725770659745, 0.0001761209568940103, 0.00017607910558581352, 0.00020545038569252938, 0.00019048782996833324, 0.00019132858142256737, 0.00018525859923101962, 0.0001860406919149682, 0.00018048218043986708, 0.000190760416444391, 0.0001719543943181634, 0.00017885270062834024, 0.00019626061839517206, 0.00018762606487143785, 0.0002217532746726647, 0.00018871630891226232, 0.00021029298659414053, 0.00017465889686718583, 0.00017375416064169258, 0.00019146499107591808, 0.00016269813932012767, 0.00019557941413950175, 0.00016636919463053346, 0.00017044080595951527, 0.00018647729302756488, 0.000165629229741171], "val_loss": [0.0019445238867774606, 0.0022358496207743883, 0.001056380569934845, 0.0008560566348023713, 0.0007158477674238384, 0.000749065016862005, 0.0011068163439631462, 0.0008703747880645096, 0.0009734553750604391, 0.0007775746053084731, 0.0008157434640452266, 0.0010196133516728878, 0.0005128401098772883, 0.0004969930159859359, 0.0005616627167910337, 0.0004849995602853596, 0.0004312418750487268, 0.000529244658537209, 0.00047187908785417676, 0.00046400082646869123, 0.0004431026754900813, 0.0004797347937710583, 0.00043305251165293157, 0.0004082568339072168, 0.00044814302236773074, 0.0007726829499006271, 0.000446922960691154, 0.00044419130426831543, 0.00038702323217876256, 0.0005475934594869614, 0.00045477013918571174, 0.00044207600876688957, 0.000838473963085562, 0.00038452347507700324, 0.0008112756768241525, 0.00041617342503741384, 0.0005117544787935913, 0.000565165770240128, 0.0005230407114140689, 0.0004945481196045876, 0.0009305430576205254, 0.0005855076014995575, 0.00040818843990564346, 0.0006562458002008498, 0.0003700010711327195, 0.00039951634244062006, 0.0007362817414104939, 0.0004989518201909959, 0.0004293063539080322, 0.00043043660116381943], "epochs": 50, "early_stop_epoch": 45}