{
  "MAE": 4305.681880482456,
  "RMSE": 5172.278682296875,
  "R2": 0.9040902881577244,
  "directional_accuracy": 0.5063897763578274
}