{
  "MAE": 5226.5218824641715,
  "RMSE": 6243.310332840567,
  "R2": 0.8606137191075576,
  "directional_accuracy": 0.5023923444976076
}