{
  "MAE": 3318.222283041401,
  "RMSE": 4019.3584528442857,
  "R2": 0.9422261887307403,
  "directional_accuracy": 0.49760765550239233
}