{
  "MAE": 5763.939001445375,
  "RMSE": 6770.517902120491,
  "R2": 0.8356598409262627,
  "directional_accuracy": 0.4952076677316294
}